rule_id,category,project_types,match_keywords,law_name,law_article,law_excerpt,condition_type,threshold_field,threshold_op,threshold_value,threshold_unit,source_url
R001,용도지역,all,완충녹지,국토의 계획 및 이용에 관한 법률,제76조,"① 제36조에 따라 지정된 용도지역에서의 건축물이나 그 밖의 시설의 용도ㆍ종류 및 규모 등의 제한에 관한 사항은 대통령령으로 정한다.
② 제37조에 따라 지정된 용도지구에서의 건축물이나 그 밖의 시설의 용도ㆍ종류 및 규모 등의 제한에 관한 사항은 이 법 또는 다른 법률에 특별한 규정이 있는 경우 외에는 대통령령으로 정하는 기준에 따라 특별시ㆍ광역시ㆍ특별자치시ㆍ특별자치도ㆍ시 또는 군의 조례로 정할 수 있다. <개정 2011.4.14>
③ 제1항과 제2항에 따른 건축물이나 그 밖의 시설의 용도ㆍ종류 및 규모 등의 제한은 해당 용도지역과 용도지구의 지정목적에 적합하여야 한다.
④ 건축물이나 그 밖의 시설의 용도ㆍ종류 및 규모 등을 변경하는 경우 변경 후의 건축물이나 그 밖의 시설의 용도ㆍ종류 및 규모 등은 제1항과 제2항에 맞아야 한다.
⑤ 다음 각 호의 어느 하나에 해당하는 경우의 건축물이나 그 밖의 시설의 용도ㆍ종류 및 규모 등의 제한에 관하여는 제1항부터 제4항까지의 규정에도 불구하고 각 호에서 정하는 바에 따른다. <개정 2009.4.22, 2011.8.4, 2015.8.11, 2017.4.18, 2023.3.21, 2023.8.8, 2024.2.6>
1. 제37조제1항제6호에 따른 취락지구에서는 취락지구의 지정목적 범위에서 대통령령으로 따로 정한다.
1의2. 제37조제1항제7호에 따른 개발진흥지구에서는 개발진흥지구의 지정목적 범위에서 대통령령으로 따로 정한다.
1의3. 제37조제1항제9호에 따른 복합용도지구에서는 복합용도지구의 지정목적 범위에서 대통령령으로 따로 정한다.
2. 「산업입지 및 개발에 관한 법률」 제2조제8호라목에 따른 농공단지에서는 같은 법에서 정하는 바에 따른다.
3. 농림지역 중 농업진흥지역, 보전산지 또는 초지인 경우에는 각각 「농지법」, 「산지관리법」 또는 「초지법」에서 정하는 바에 따른다.
4. 자연환경보전지역 중 「자연공원법」에 따른 공원구역, 「수도법」에 따른 상수원보호구역, 「문화유산의 보존 및 활용에 관한 법률」에 따라 지정된 지정문화유산과 그 보호구역, 「자연유산의 보존 및 활용에 관한 법률」에 따라 지정된 천연기념물등과 그 보호구역, 「해양생태계의 보전 및 관리에 관한 법률」에 따른 해양보호구역인 경우에는 각각 「자연공원법」, 「수도법」, 「문화유산의 보존 및 활용에 관한 법률」, 「자연유산의 보존 및 활용에 관한 법률」 또는 「해양생태계의 보전 및 관리에 관한 법률」에서 정하는 바에 따른다.
5. 자연환경보전지역 중 수산자원보호구역인 경우에는 「수산자원관리법」에서 정하는 바에 따른다.
⑥ 보전관리지역이나 생산관리지역에 대하여 농림축산식품부장관ㆍ해양수산부장관ㆍ기후에너지환경부장관 또는 산림청장이 농지 보전, 자연환경 보전, 해양환경 보전 또는 산림 보전에 필요하다고 인정하는 경우에는 「농지법」, 「자연환경보전법」, 「야생생물 보호 및 관리에 관한 법률」, 「해양생태계의 보전 및 관리에 관한 법률」 또는 「산림자원의 조성 및 관리에 관한 법률」에 따라 건축물이나 그 밖의 시설의 용도ㆍ종류 및 규모 등을 제한할 수 있다. 이 경우 이 법에 따른 제한의 취지와 형평을 이루도록 하여야 한다. <개정 2011.7.28, 2013.3.23, 2025.10.1>",always_violation,,,,,
R002,가축사육제한,all,가축사육제한구역|전부제한,가축분뇨의 관리 및 이용에 관한 법률,제8조,"① 시장ㆍ군수ㆍ구청장은 지역주민의 생활환경보전 또는 상수원의 수질보전을 위하여 다음 각 호의 어느 하나에 해당하는 지역 중 가축사육의 제한이 필요하다고 인정되는 지역에 대하여는 해당 지방자치단체의 조례로 정하는 바에 따라 일정한 구역을 지정ㆍ고시하여 가축의 사육을 제한할 수 있다. 다만, 지방자치단체 간 경계지역에서 인접 지방자치단체의 요청이 있으면 기후에너지환경부령으로 정하는 바에 따라 해당 지방자치단체와 협의를 거쳐 일정한 구역을 지정ㆍ고시하여 가축의 사육을 제한할 수 있다. <개정 2015.12.1, 2025.10.1>
1. 주거 밀집지역으로 생활환경의 보호가 필요한 지역
2. 「수도법」 제7조에 따른 상수원보호구역, 「환경정책기본법」 제38조에 따른 특별대책지역, 그 밖에 이에 준하는 수질환경보전이 필요한 지역
3. 「한강수계 상수원수질개선 및 주민지원 등에 관한 법률」 제4조제1항, 「낙동강수계 물관리 및 주민지원 등에 관한 법률」 제4조제1항, 「금강수계 물관리 및 주민지원 등에 관한 법률」 제4조제1항, 「영산강ㆍ섬진강수계 물관리 및 주민지원 등에 관한 법률」 제4조제1항에 따라 지정ㆍ고시된 수변구역
4. 「환경정책기본법」 제12조에 따른 환경기준을 초과한 지역
5. 제2항에 따라 기후에너지환경부장관 또는 시ㆍ도지사가 가축의 사육을 제한할 수 있는 구역으로 지정ㆍ고시하도록 요청한 지역
② 기후에너지환경부장관 또는 시ㆍ도지사는 제7조제1항에 따라 가축분뇨실태조사를 한 지역과 제1항제2호부터 제4호까지의 지역 중 가축분뇨 등으로 인하여 수질 및 수생태계의 보전에 위해(危害)가 발생되거나 발생될 우려가 있는 지역의 경우 해당 시장ㆍ군수ㆍ구청장에게 해당 지역을 가축의 사육을 제한할 수 있는 구역으로 지정ㆍ고시하도록 요청할 수 있다. <개정 2025.10.1>
③ 시장ㆍ군수ㆍ구청장은 제1항에 따라 지정ㆍ고시한 구역(이하 ""가축사육제한구역""이라 한다)에서 가축을 사육하는 자에게 축사의 이전, 그 밖에 위해 제거 등 필요한 조치를 명할 수 있다.
④ 시장ㆍ군수ㆍ구청장은 제3항에 따라 축사의 이전을 명할 때에는 1년 이상의 유예기간을 주어야 하며, 대통령령으로 정하는 기준 및 절차에 따라 이전에 따른 재정적 지원, 부지 알선 등 정당한 보상을 하여야 한다.
⑤ 시장ㆍ군수ㆍ구청장은 가축사육제한구역의 변경 또는 해제가 필요하다고 인정되는 경우에는 해당 지방자치단체의 조례로 정하는 바에 따라 가축사육제한구역을 변경하거나 해제하고 이를 고시하여야 한다. 다만, 제1항제5호에 따른 가축사육제한구역의 경우에는 그 지정ㆍ고시를 요청한 기후에너지환경부장관 또는 시ㆍ도지사와 협의하여야 한다. <개정 2025.10.1>",always_violation,,,,,
R003,지구단위계획,all,지구단위계획구역,국토의 계획 및 이용에 관한 법률,제52조,"① 지구단위계획구역의 지정목적을 이루기 위하여 지구단위계획에는 다음 각 호의 사항 중 제2호와 제4호의 사항을 포함한 둘 이상의 사항이 포함되어야 한다. 다만, 제1호의2를 내용으로 하는 지구단위계획의 경우에는 그러하지 아니하다. <개정 2011.4.14, 2021.1.12>
1. 용도지역이나 용도지구를 대통령령으로 정하는 범위에서 세분하거나 변경하는 사항
1의2. 기존의 용도지구를 폐지하고 그 용도지구에서의 건축물이나 그 밖의 시설의 용도ㆍ종류 및 규모 등의 제한을 대체하는 사항
2. 대통령령으로 정하는 기반시설의 배치와 규모
3. 도로로 둘러싸인 일단의 지역 또는 계획적인 개발ㆍ정비를 위하여 구획된 일단의 토지의 규모와 조성계획
4. 건축물의 용도제한, 건축물의 건폐율 또는 용적률, 건축물 높이의 최고한도 또는 최저한도
5. 건축물의 배치ㆍ형태ㆍ색채 또는 건축선에 관한 계획
6. 환경관리계획 또는 경관계획
7. 보행안전 등을 고려한 교통처리계획
8. 그 밖에 토지 이용의 합리화, 도시나 농ㆍ산ㆍ어촌의 기능 증진 등에 필요한 사항으로서 대통령령으로 정하는 사항
② 지구단위계획은 도로, 상하수도 등 대통령령으로 정하는 도시ㆍ군계획시설의 처리ㆍ공급 및 수용능력이 지구단위계획구역에 있는 건축물의 연면적, 수용인구 등 개발밀도와 적절한 조화를 이룰 수 있도록 하여야 한다. <개정 2011.4.14>
③ 지구단위계획구역에서는 제76조부터 제78조까지의 규정과 「건축법」 제42조ㆍ제43조ㆍ제44조ㆍ제60조 및 제61조, 「주차장법」 제19조 및 제19조의2를 대통령령으로 정하는 범위에서 지구단위계획으로 정하는 바에 따라 완화하여 적용할 수 있다.
④ 삭제 <2011.4.14>",conditional,,,,,
R004,용도지역,태양광,계획관리지역,국토의 계획 및 이용에 관한 법률 시행령,별표20,"■ 국토의 계획 및 이용에 관한 법률 시행령 [별표 20] <개정 2024. 1. 26.>

  계획관리지역안에서 건축할 수 없는 건축물(제71조제1항제19호 관련)

  1. 건축할 수 없는 건축물

    가. 4층을 초과하는 모든 건축물

    나. 「건축법 시행령」 별표 1 제2호의 공동주택 중 아파트

    다. 「건축법 시행령」 별표 1 제3호의 제1종 근린생활시설 중 휴게음식점 및

  제과점으로서 국토교통부령으로 정하는 기준에 해당하는 지역에 설치하는 것

    라. 「건축법 시행령」 별표 1 제4호의 제2종 근린생활시설 중 다음의 어느 하

  나에 해당하는 것

      (1) 「건축법 시행령」 별표 1 제4호아목의 시설 및 같은 호 자목의 일반음식

  점으로서 국토교통부령으로 정하는 기준에 해당하는 지역에 설치하는 것

      (2) 「건축법 시행령」 별표 1 제4호너목의 시설로서 성장관리계획 및 지구단

  위계획이 수립되지 않은 지역에 설치하는 것

      (3) 「건축법 시행령」 별표 1 제4호더목의 단란주점

    마. 「건축법 시행령」 별표 1 제7호의 판매시설(성장관리계획 또는 지구단위계

  획이 수립된 지역에 설치하는 판매시설로서 그 용도에 쓰이는 바닥면적의 합

  계가 3천제곱미터 미만인 경우는 제외한다)

    바. 「건축법 시행령」 별표 1 제14호의 업무시설

    사. 「건축법 시행령」 별표 1 제15호의 숙박시설로서 국토교통부령으로 정하는

  기준에 해당하는 지역에 설치하는 것

    아.「건축법 시행령」 별표 1 제16호의 위락시설

    자. 「건축법 시행령」 별표 1 제17호의 공장으로서 성장관리계획 및 지구단위

  계획이 수립되지 않은 지역에 설치하는 것

    차. 「건축법 시행령」 별표 1 제17호의 공장 중 성장관리계획이 수립된 지역에

  설치하는 것으로서 다음의 어느 하나에 해당하는 것. 다만, 「공익사업을 위한

  토지 등의 취득 및 보상에 관한 법률」에 따른 공익사업 및 「도시개발법」에

  따른 도시개발사업으로 해당 특별시ㆍ광역시ㆍ특별자치시ㆍ특별자치도ㆍ시 또

  는 군의 관할구역으로 이전하는 레미콘 또는 아스콘 공장과 「대기환경보전

  법」, 「물환경보전법」, 「소음ㆍ진동관리법」 또는 「악취방지법」에 따른

  배출시설의 설치 허가 또는 신고 대상이 아닌 공장은 제외한다.

      (1) 별표 16 제2호아목(1)부터 (4)까지에 해당하는 것. 다만, 인쇄ㆍ출판시설

  이나 사진처리시설로서 「물환경보전법」 제2조제8호에 따라 배출되는 특

  정수질유해물질을 전량 위탁처리하는 경우는 제외한다.

      (2) 화학제품시설(석유정제시설을 포함한다). 다만, 다음의 어느 하나에 해당

  하는 시설로서 폐수를 「하수도법」 제2조제9호에 따른 공공하수처리시설

  또는 「물환경보전법」 제2조제17호에 따른 공공폐수처리시설로 전량 유

  입하여 처리하거나 전량 재이용 또는 전량 위탁처리하는 경우는 제외한다.

        (가) 물, 용제류 등 액체성 물질을 사용하지 않고 제품의 성분이 용해ㆍ용출

  되는 공정이 없는 고체성 화학제품 제조시설

        (나) 「화장품법」 제2조제3호에 따른 유기농화장품 제조시설

        (다) 「농약관리법」 제30조제2항에 따른 천연식물보호제 제조시설

        (라) 「친환경농어업 육성 및 유기식품 등의 관리ㆍ지원에 관한 법률」 제2

  조제6호에 따른 유기농어업자재 제조시설

        (마) 동ㆍ식물 등 생물을 기원(起源)으로 하는 산물(이하 ""천연물""이라 한

  다)에서 추출된 재료를 사용하는 다음의 시설[「대기환경보전법」 제

  2조제11호에 따른 대기오염물질배출시설 중 반응시설, 정제시설(분리

  ㆍ증류ㆍ추출ㆍ여과 시설을 포함한다), 용융ㆍ용해시설 및 농축시설을

  설치하지 않는 경우로서 「물환경보전법」 제2조제4호에 따른 폐수의

  1일 최대 배출량이 20세제곱미터 이하인 제조시설로 한정한다]

        1) 비누 및 세제 제조시설

        2) 공중위생용 해충 구제제 제조시설(밀폐된 단순 혼합공정만 있는 제조

  시설로서 특별시장ㆍ광역시장ㆍ특별자치시장ㆍ특별자치도지사ㆍ시장 또

  는 군수가 해당 지방도시계획위원회의 심의를 거쳐 인근의 주거환경 등

  에 미치는 영향이 적다고 인정하는 시설로 한정한다)

      (3) 제1차금속, 가공금속제품 및 기계장비 제조시설 중 「폐기물관리법 시행

  령」 별표 1 제4호에 따른 폐유기용제류를 발생시키는 것

      (4) 가죽 및 모피를 물 또는 화학약품을 사용하여 저장하거나 가공하는 것

      (5) 섬유제조시설 중 감량ㆍ정련ㆍ표백 및 염색 시설. 다만, 다음의 기준을 모

  두 충족하는 염색시설은 제외한다.

        (가) 천연물에서 추출되는 염료만을 사용할 것

        (나) 「대기환경보전법」 제2조제11호에 따른 대기오염물질 배출시설 중 표

  백시설, 정련시설이 없는 경우로서 금속성 매염제를 사용하지 않을 것

        (다) 「물환경보전법」 제2조제4호에 따른 폐수의 1일 최대 배출량이 20세

  제곱미터 이하일 것

        (라) 폐수를 「하수도법」 제2조제9호에 따른 공공하수처리시설 또는 「물

  환경보전법」 제2조제17호에 따른 공공폐수처리시설로 전량 유입하여

  처리하거나  전량 재이용 또는 전량 위탁처리할 것

      (6) 「수도권정비계획법」 제6조제1항제3호에 따른 자연보전권역 외의 지역

  및 「환경정책기본법」 제38조에 따른 특별대책지역 외의 지역의 사업장

  중「폐기물관리법」 제25조에 따른 폐기물처리업 허가를 받은 사업장. 다

  만, 「폐기물관리법」 제25조제5항제5호부터 제7호까지의 규정에 따른 폐

  기물 중간ㆍ최종ㆍ종합재활용업으로서 특정수질유해물질이 「물환경보전법

  시행령」 제31조제1항제1호에 따른 기준 미만으로 배출되는 경우는 제외

  한다.

      (7) 「수도권정비계획법」 제6조제1항제3호에 따른 자연보전권역 및 「환경

  정책기본법」 제38조에 따른 특별대책지역에 설치되는 부지면적(둘 이상의

  공장을 함께 건축하거나 기존 공장부지에 접하여 건축하는 경우와 둘 이상

  의 부지가 너비 8미터 미만의 도로에 서로 접하는 경우에는 그 면적의 합

  계를 말한다) 1만제곱미터 미만의 것. 다만, 특별시장ㆍ광역시장ㆍ특별자치

  시장ㆍ특별자치도지사ㆍ시장 또는 군수가 1만5천제곱미터 이상의 면적을

  정하여 공장의 건축이 가능한 지역으로 고시한 지역 안에 입지하는 경우나

  자연보전권역 또는 특별대책지역에 준공되어 운영 중인 공장 또는 제조업

  소는 제외한다.

  2. 지역 여건 등을 고려하여 도시·군계획조례로 정하는 바에 따라 건축할 수 없는

  건축물

    가. 4층 이하의 범위에서 도시·군계획조례로 따로 정한 층수를 초과하는 모든

  건축물

    나. 「건축법 시행령」 별표 1 제2호의 공동주택(제1호나목에 해당하는 것은 제

  외한다)

    다. 「건축법 시행령」 별표 1 제3호의 제1종 근린생활시설 중 휴게음식점 및

  제과점으로서 도시ㆍ군계획조례로 정하는 지역에 설치하는 것

    라. 「건축법 시행령」 별표 1 제4호의 제2종 근린생활시설 중 일반음식점·휴

  게음식점·제과점으로서 도시·군계획조례로 정하는 지역에 설치하는 것과 안

  마시술소 및 같은 호 너목에 해당하는 것

    마. 「건축법 시행령」 별표 1 제5호의 문화 및 집회시설

    바. 「건축법 시행령」 별표 1 제6호의 종교시설

    사. 「건축법 시행령」 별표 1 제8호의 운수시설

    아. 「건축법 시행령」 별표 1 제9호의 의료시설 중 종합병원·병원·치과병원

  및 한방병원

    자. 「건축법 시행령」 별표 1 제10호의 교육연구시설 중 같은 호 다목부터 마

  목까지에 해당하는 것

    차. 「건축법 시행령」 별표 1 제13호의 운동시설(운동장은 제외한다)

    카. 「건축법 시행령」 별표 1 제15호의 숙박시설로서 도시·군계획조례로 정하

  는 지역에 설치하는 것

    타. 「건축법 시행령」 별표 1 제17호의 공장 중 다음의 어느 하나에 해당하는

  것

      (1) 「수도권정비계획법」 제6조제1항제3호에 따른 자연보전권역 외의 지역

  및 「환경정책기본법」 제38조에 따른 특별대책지역 외의 지역에 설치되는

  경우(제1호자목 및 차목에 해당하는 것은 제외한다)

      (2) 「수도권정비계획법」 제6조제1항제3호에 따른 자연보전권역 및 「환경

  정책기본법」 제38조에 따른 특별대책지역에 설치되는 것으로서 제1호자목

  및 차목(7)에 해당하지 아니하는 경우

      (3) 「공익사업을 위한 토지 등의 취득 및 보상에 관한 법률」에 따른 공익사

  업 및 「도시개발법」에 따른 도시개발사업으로 해당 특별시·광역시·특별

  자치시·특별자치도·시 또는 군의 관할구역으로 이전하는 레미콘 또는 아스

  콘 공장

    파. 「건축법 시행령」 별표 1 제18호의 창고시설(창고 중 농업·임업·축산

  업·수산업용으로 쓰는 것은 제외한다)

    하. 「건축법 시행령」 별표 1 제19호의 위험물 저장 및 처리 시설

    거. 「건축법 시행령」 별표 1 제20호의 자동차 관련 시설

    너. 「건축법 시행령」 별표 1 제27호의 관광 휴게시설",always_ok,,,,,
R005,용도지역,all,제3종일반주거지역,국토의 계획 및 이용에 관한 법률 시행령,별표6,"■ 국토의 계획 및 이용에 관한 법률 시행령 [별표 6] <개정 2023. 5. 15.>

  제3종일반주거지역안에서 건축할 수 있는

  건축물(제71조제1항제5호관련)

  1. 건축할 수 있는 건축물

    가. 「건축법 시행령」 별표 1 제1호의 단독주택

    나. 「건축법 시행령」 별표 1 제2호의 공동주택

    다. 「건축법 시행령」 별표 1 제3호의 제1종 근린생활시설

    라. 「건축법 시행령」 별표 1 제6호의 종교시설

    마. 「건축법 시행령」 별표 1 제10호의 교육연구시설 중 유치원ㆍ초등학

  교·중학교 및 고등학교

    바. 「건축법 시행령」 별표 1 제11호의 노유자시설

  2. 도시ㆍ군계획조례가 정하는 바에 의하여 건축할 수 있는 건축물

    가. 「건축법 시행령」 별표 1 제4호의 제2종 근린생활시설(단란주점 및 안

  마시술소를 제외한다)

    나. 「건축법 시행령」 별표 1 제5호의 문화 및 집회시설(관람장을 제외한

  다)

    다. 「건축법 시행령」 별표 1 제7호의 판매시설 중 같은 호 나목 및 다목

  (일반게임제공업의 시설은 제외한다)에 해당하는 것으로서 당해 용도에 쓰

  이는 바닥면적의 합계가 2천제곱미터 미만인 것(너비 15미터 이상의 도로

  로서 도시ㆍ군계획조례가 정하는 너비 이상의 도로에 접한 대지에 건축하

  는 것에 한한다)과 기존의 도매시장 또는 소매시장을 재건축하는 경우로서

  인근의 주거환경에 미치는 영향, 시장의 기능회복 등을 고려하여 도시ㆍ군

  계획조례가 정하는 경우에는 당해 용도에 쓰이는 바닥면적의 합계의 4배

  이하 또는 대지면적의 2배 이하인 것

    라. 「건축법 시행령」 별표 1 제9호의 의료시설(격리병원을 제외한다)

    마. 「건축법 시행령」 별표 1 제10호의 교육연구시설 중 제1호 마목에 해당

  하지 아니하는 것

    바. 「건축법 시행령」 별표 1 제12호의 수련시설(유스호스텔의 경우 특별시

  및 광역시 지역에서는 너비 15미터 이상의 도로에 20미터 이상 접한 대지

  에 건축하는 것에 한하며, 그 밖의 지역에서는 너비 12미터 이상의 도로에

  접한 대지에 건축 하는 것에 한한다)

    사. 「건축법 시행령」 별표 1 제13호의 운동시설

    아. 「건축법 시행령」 별표 1 제14호의 업무시설로서 그 용도에 쓰이는 바

  닥면적의 합계가 3천제곱미터 이하인 것

    자. 별표 4 제2호차목 및 카목의 공장

    차. 「건축법 시행령」 별표 1 제18호의 창고시설

    카. 「건축법 시행령」 별표 1 제19호의 위험물저장 및 처리시설 중 주유소,

  석유판매소, 액화가스 취급소?판매소, 도료류 판매소, 「대기환경보전법」에

  따른 저공해자동차의 연료공급시설, 시내버스차고지에 설치하는 액화석유

  가스충전소 및 고압가스충전·저장소

    타. 「건축법 시행령」 별표 1 제20호의 자동차관련시설 중 동호 아목에 해

  당하는 것과 주차장 및 세차장

    파. 「건축법 시행령」 별표 1 제21호마목부터 사목까지의 규정에 따른 시설

  및 같은 호 아목에 따른 시설 중 식물과 관련된 마목부터 사목까지의 규정

  에 따른 시설과 비슷한 것

    하. 「건축법 시행령」 별표 1 제23호의 교정시설

    거. 「건축법 시행령」 별표 1 제23호의2의 국방ㆍ군사시설

    너. 「건축법 시행령」 별표 1 제24호의 방송통신시설

    더. 「건축법 시행령」 별표 1 제25호의 발전시설

    러. 「건축법 시행령」 별표 1 제29호의 야영장 시설",conditional,,,,,
R006,용도지역,all,자연녹지지역,국토의 계획 및 이용에 관한 법률 시행령,별표17,"■ 국토의 계획 및 이용에 관한 법률 시행령 [별표 17] <개정 2025. 10. 1.>

  자연녹지지역 안에서 건축할 수 있는

  건축물(제71조제1항제16호관련)

  1. 건축할 수 있는 건축물(4층 이하의 건축물에 한한다. 다만, 4층 이하의 범위

  안에서 도시ㆍ군계획조례로 따로 층수를 정하는 경우에는 그 층수 이하의 건

  축물에 한한다)

    가. 「건축법 시행령」 별표 1 제1호의 단독주택

    나. 「건축법 시행령」 별표 1 제3호의 제1종 근린생활시설

    다. 「건축법 시행령」 별표 1 제4호의 제2종 근린생활시설[같은 호 아목, 자

  목, 더목 및 러목(안마시술소만 해당한다)은 제외한다]

    라. 「건축법 시행령」 별표 1 제9호의 의료시설(종합병원·병원·치과병원

  및 한방병원을 제외한다)

    마. 「건축법 시행령」 별표 1 제10호의 교육연구시설(직업훈련소 및 학원을

  제외한다)

    바. 「건축법 시행령」 별표 1 제11호의 노유자시설

    사. 「건축법 시행령」 별표 1 제12호의 수련시설

    아. 「건축법 시행령」 별표 1 제13호의 운동시설

    자. 「건축법 시행령」 별표 1 제18호가목의 창고(농업?임업?축산업?수산업용

  만 해당한다)

    차. 「건축법 시행령」 별표 1 제21호의 동물 및 식물관련시설

    카. 「건축법 시행령」 별표 1 제22호의 자원순환 관련 시설

    타. 「건축법 시행령」 별표 1 제23호의 교정시설

    파. 「건축법 시행령」 별표 1 제23호의2의 국방ㆍ군사시설

    하. 「건축법 시행령」 별표 1 제24호의 방송통신시설

    거. 「건축법 시행령」 별표 1 제25호의 발전시설

    너. 「건축법 시행령」 별표 1 제26호의 묘지관련시설

    더. 「건축법 시행령」 별표 1 제27호의 관광휴게시설

    러. 「건축법 시행령」 별표 1 제28호의 장례시설

    머. 「건축법 시행령」 별표 1 제29호의 야영장 시설

  2. 도시ㆍ군계획조례가 정하는 바에 의하여 건축할 수 있는 건축물(4층 이하의

  건축물에 한한다. 다만, 4층 이하의 범위안에서 도시ㆍ군계획조례로 따로 층

  수를 정하는 경우에는 그 층수 이하의 건축물에 한한다)

    가. 「건축법 시행령」 별표 1 제2호의 공동주택(아파트를 제외한다)

    나. 「건축법 시행령」 별표 1 제4호아목ㆍ자목 및 러목(안마시술소만 해당

  한다)에 따른 제2종 근린생활시설

    다. 「건축법 시행령」 별표 1 제5호의 문화 및 집회시설

    라. 「건축법 시행령」 별표 1 제6호의 종교시설

    마. 「건축법 시행령」 별표 1 제7호의 판매시설 중 다음의 어느 하나에 해

  당하는 것

      (1) 「농수산물유통 및 가격안정에 관한 법률」 제2조에 따른 농수산물공

  판장

      (2) 「농수산물 유통 및 가격안정에 관한 법률」 제68조제2항에 따른 농수

  산물직판장으로서 해당 용도에 쓰이는 바닥면적의 합계가 1만제곱미터

  미만인 것(다음의 어느 하나에 해당하는 자가 설치ㆍ운영하는 것으로

  한정한다)

        (가) 「농업ㆍ농촌 및 식품산업 기본법」 제3조제2호 및 제4호에 따른

  농업인 및 생산자단체

        (나) 「농업ㆍ농촌 및 식품산업 기본법」 제25조 및 제26조에 따른 후계

  농업경영인 및 전업농업인

        (다) 「수산업ㆍ어촌 발전 기본법」 제3조제3호 및 제5호에 따른 어업인

  및 생산자단체

        (라) 「수산업ㆍ어촌 발전 기본법」 제16조 및 제17조에 따른 후계수산

  업경영인인 어업인 및 전업수산인인 어업인

        (마) 지방자치단체

      (3) 산업통상부장관이 관계중앙행정기관의 장과 협의하여 고시하는 대형할

  인점 및 중소기업공동판매시설

    바. 「건축법 시행령」 별표 1 제8호의 운수시설

    사. 「건축법 시행령」 별표 1 제9호의 의료시설 중 종합병원·병원·치과병

  원 및 한방병원

    아. 「건축법 시행령」 별표 1 제10호의 교육연구시설 중 직업훈련소 및 학

  원

    자. 「건축법 시행령」 별표 1 제15호의 숙박시설로서 「관광진흥법」에 따

  라 지정된 관광지 및 관광단지에 건축하는 것

    차. 「건축법 시행령」 별표 1 제17호의 공장 중 다음의 어느 하나에 해당하

  는 것

      (1) 골재선별ㆍ파쇄 업종의 공장, 첨단업종의 공장, 지식산업센터, 도정공장

  및 식품공장과 읍·면지역에 건축하는 제재업의 공장으로서 별표 16 제2

  호 아목(1) 내지 (5)의 어느 하나에 해당하지 아니하는 것

      (2) 「공익사업을 위한 토지 등의 취득 및 보상에 관한 법률」에 따른 공

  익사업 및 「도시개발법」에 따른 도시개발사업으로 동일한 특별시ㆍ광역

  시ㆍ시 및 군 지역 내에서 이전하는 레미콘 또는 아스콘공장

    카. 「건축법 시행령」 별표 1 제18호가목의 창고(농업?임업?축산업?수산업용

  으로 쓰는 것은 제외한다) 및 같은 호 라목의 집배송시설

    타. 「건축법 시행령」 별표 1 제19호의 위험물저장 및 처리시설

    파. 「건축법 시행령」 별표 1 제20호의 자동차관련시설",conditional,,,,,
R007,도시계획시설,all,도시개발구역,도시개발법,제9조,"① 지정권자는 도시개발구역을 지정하거나 제4조제1항 단서에 따라 개발계획을 수립한 경우에는 대통령령으로 정하는 바에 따라 이를 관보나 공보에 고시하고, 대도시 시장인 지정권자는 관계 서류를 일반에게 공람시켜야 하며, 대도시 시장이 아닌 지정권자는 해당 도시개발구역을 관할하는 시장(대도시 시장은 제외한다)ㆍ군수 또는 구청장에게 관계 서류의 사본을 보내야 하며, 지정권자인 특별자치도지사와 관계 서류를 송부받은 시장(대도시 시장은 제외한다)ㆍ군수 또는 구청장은 해당 관계 서류를 일반인에게 공람시켜야 한다. 변경하는 경우에도 또한 같다. <개정 2008.3.28, 2020.6.9>
② 도시개발구역이 지정ㆍ고시된 경우 해당 도시개발구역은 「국토의 계획 및 이용에 관한 법률」에 따른 도시지역과 대통령령으로 정하는 지구단위계획구역으로 결정되어 고시된 것으로 본다. 다만, 「국토의 계획 및 이용에 관한 법률」 제51조제3항에 따른 지구단위계획구역 및 같은 법 제37조제1항제6호에 따른 취락지구로 지정된 지역인 경우에는 그러하지 아니하다. <개정 2011.4.14, 2017.4.18>
③ 시ㆍ도지사 또는 대도시 시장이 도시개발구역을 지정ㆍ고시한 경우에는 국토교통부장관에게 그 내용을 통보하여야 한다. <개정 2008.3.28, 2013.3.23>
④ 제2항에 따라 결정ㆍ고시된 것으로 보는 사항에 대하여 「국토의 계획 및 이용에 관한 법률」 제32조에 따른 도시ㆍ군관리계획에 관한 지형도면의 고시는 같은 법 제33조에도 불구하고 제5조제1항제2호의 도시개발사업의 시행 기간에 할 수 있다. <개정 2011.4.14>
⑤ 제7조제1항에 따라 도시개발구역지정에 관한 주민 등의 의견청취를 위한 공고가 있는 지역 및 도시개발구역에서 건축물의 건축, 공작물의 설치, 토지의 형질 변경, 토석의 채취, 토지 분할, 물건을 쌓아놓는 행위, 죽목의 벌채 및 식재 등 대통령령으로 정하는 행위를 하려는 자는 특별시장ㆍ광역시장ㆍ특별자치도지사ㆍ시장 또는 군수의 허가를 받아야 한다. 허가받은 사항을 변경하려는 경우에도 또한 같다.
⑥ 다음 각 호의 어느 하나에 해당하는 행위는 제5항에도 불구하고 허가를 받지 아니하고 할 수 있다.
1. 재해 복구 또는 재난 수습에 필요한 응급조치를 위하여 하는 행위
2. 그 밖에 대통령령으로 정하는 행위
⑦ 제5항에 따라 허가를 받아야 하는 행위로서 도시개발구역의 지정 및 고시 당시 이미 관계 법령에 따라 행위 허가를 받았거나 허가를 받을 필요가 없는 행위에 관하여 그 공사나 사업에 착수한 자는 대통령령으로 정하는 바에 따라 특별시장ㆍ광역시장ㆍ특별자치도지사ㆍ시장 또는 군수에게 신고한 후 이를 계속 시행할 수 있다.
⑧ 특별시장ㆍ광역시장ㆍ특별자치도지사ㆍ시장 또는 군수는 제5항을 위반한 자에게 원상회복을 명할 수 있다. 이 경우 명령을 받은 자가 그 의무를 이행하지 아니하는 경우에는 특별시장ㆍ광역시장ㆍ특별자치도지사ㆍ시장 또는 군수는 「행정대집행법」에 따라 이를 대집행할 수 있다.
⑨ 제5항에 따른 허가에 관하여 이 법으로 규정한 것 외에는 「국토의 계획 및 이용에 관한 법률」 제57조부터 제60조까지 및 제62조를 준용한다.
⑩ 제5항에 따라 허가를 받으면 「국토의 계획 및 이용에 관한 법률」 제56조에 따라 허가를 받은 것으로 본다.",conditional,,,,,
R008,토지거래,all,토지거래계약에관한허가구역,부동산 거래신고 등에 관한 법률,제10조,"① 국토교통부장관 또는 시ㆍ도지사는 국토의 이용 및 관리에 관한 계획의 원활한 수립과 집행, 합리적인 토지 이용 등을 위하여 토지의 투기적인 거래가 성행하거나 지가(地價)가 급격히 상승하는 지역과 그러한 우려가 있는 지역으로서 대통령령으로 정하는 지역에 대해서는 다음 각 호의 구분에 따라 5년 이내의 기간을 정하여 제11조제1항에 따른 토지거래계약에 관한 허가구역(이하 ""허가구역""이라 한다)으로 지정할 수 있다. 이 경우 국토교통부장관 또는 시ㆍ도지사는 대통령령으로 정하는 바에 따라 허가대상자(외국인등을 포함한다. 이하 이 조에서 같다), 허가대상 용도와 지목 등을 특정하여 허가구역을 지정할 수 있다. <개정 2023.4.18>
1. 허가구역이 둘 이상의 시ㆍ도의 관할 구역에 걸쳐 있는 경우: 국토교통부장관이 지정
2. 허가구역이 동일한 시ㆍ도 안의 일부지역인 경우: 시ㆍ도지사가 지정. 다만, 국가가 시행하는 개발사업 등에 따라 투기적인 거래가 성행하거나 지가가 급격히 상승하는 지역과 그러한 우려가 있는 지역 등 대통령령으로 정하는 경우에는 국토교통부장관이 지정할 수 있다.
② 국토교통부장관 또는 시ㆍ도지사는 제1항에 따라 허가구역을 지정하려면 「국토의 계획 및 이용에 관한 법률」 제106조에 따른 중앙도시계획위원회(이하 ""중앙도시계획위원회""라 한다) 또는 같은 법 제113조제1항에 따른 시ㆍ도도시계획위원회(이하 ""시ㆍ도도시계획위원회""라 한다)의 심의를 거쳐야 한다. 다만, 지정기간이 끝나는 허가구역을 계속하여 다시 허가구역으로 지정하려면 중앙도시계획위원회 또는 시ㆍ도도시계획위원회의 심의 전에 미리 시ㆍ도지사(국토교통부장관이 허가구역을 지정하는 경우만 해당한다) 및 시장ㆍ군수 또는 구청장의 의견을 들어야 한다.
③ 국토교통부장관 또는 시ㆍ도지사는 제1항에 따라 허가구역으로 지정한 때에는 지체 없이 허가대상자, 허가대상 용도와 지목 등 대통령령으로 정하는 사항을 공고하고, 그 공고 내용을 국토교통부장관은 시ㆍ도지사를 거쳐 시장ㆍ군수 또는 구청장에게 통지하고, 시ㆍ도지사는 국토교통부장관, 시장ㆍ군수 또는 구청장에게 통지하여야 한다. <개정 2023.4.18>
④ 제3항에 따라 통지를 받은 시장ㆍ군수 또는 구청장은 지체 없이 그 공고 내용을 그 허가구역을 관할하는 등기소의 장에게 통지하여야 하며, 지체 없이 그 사실을 7일 이상 공고하고, 그 공고 내용을 15일간 일반이 열람할 수 있도록 하여야 한다.
⑤ 허가구역의 지정은 제3항에 따라 허가구역의 지정을 공고한 날부터 5일 후에 그 효력이 발생한다.
⑥ 국토교통부장관 또는 시ㆍ도지사는 허가구역의 지정 사유가 없어졌다고 인정되거나 관계 시ㆍ도지사, 시장ㆍ군수 또는 구청장으로부터 받은 허가구역의 지정 해제 또는 축소 요청이 이유 있다고 인정되면 지체 없이 허가구역의 지정을 해제하거나 지정된 허가구역의 일부를 축소하여야 한다.
⑦ 제6항에 따른 해제 또는 축소의 경우에는 제2항 본문, 제3항 및 제4항을 준용한다.",conditional,,,,,
R009,교육환경보호,all,상대보호구역|절대보호구역,교육환경 보호에 관한 법률,제9조,"1. 「대기환경보전법」 제16조제1항에 따른 배출허용기준을 초과하여 대기오염물질을 배출하는 시설
2. 「물환경보전법」 제32조제1항에 따른 배출허용기준을 초과하여 수질오염물질을 배출하는 시설과 제48조에 따른 폐수종말처리시설
3. 「가축분뇨의 관리 및 이용에 관한 법률」 제11조에 따른 배출시설, 제12조에 따른 처리시설 및 제24조에 따른 공공처리시설
4. 「하수도법」 제2조제11호에 따른 분뇨처리시설
5. 「악취방지법」 제7조에 따른 배출허용기준을 초과하여 악취를 배출하는 시설
6. 「소음ㆍ진동관리법」 제7조 및 제21조에 따른 배출허용기준을 초과하여 소음ㆍ진동을 배출하는 시설
7. 「폐기물관리법」 제2조제8호에 따른 폐기물처리시설(규모, 용도, 기간 및 학습과 학교보건위생에 대한 영향 등을 고려하여 대통령령으로 정하는 시설은 제외한다)
8. 「가축전염병 예방법」 제11조제1항ㆍ제20조제1항ㆍ제2항에 따른 가축 사체, 제23조제1항에 따른 오염물건 및 제33조제1항에 따른 수입금지 물건의 소각ㆍ매몰지
9. 「장사 등에 관한 법률」 제2조제8호에 따른 화장시설ㆍ제9호에 따른 봉안시설 및 제13호에 따른 자연장지(같은 법 제16조제1항제1호에 따른 개인ㆍ가족자연장지와 제2호에 따른 종중ㆍ문중자연장지는 제외한다)
10. 「축산물 위생관리법」 제21조제1항제1호에 따른 도축업 시설
11. 「축산법」 제34조제1항에 따른 가축시장
12. 「영화 및 비디오물의 진흥에 관한 법률」 제2조제11호의 제한상영관
13. 「청소년 보호법」 제2조제5호가목7)에 해당하는 업소와 같은 호 가목8), 가목9) 및 나목7)에 따라 성평등가족부장관이 고시한 영업에 해당하는 업소
14. 「고압가스 안전관리법」 제2조에 따른 고압가스, 「도시가스사업법」 제2조제1호에 따른 도시가스 또는 「액화석유가스의 안전관리 및 사업법」 제2조제1호에 따른 액화석유가스의 제조, 충전 및 저장하는 시설(관계 법령에서 정한 허가 또는 신고 이하의 시설이라 하더라도 동일 건축물 내에 설치되는 각각의 시설용량의 총량이 허가 또는 신고 규모 이상이 되는 시설은 포함하되, 규모, 용도 및 학습과 학교보건위생에 대한 영향 등을 고려하여 대통령령으로 정하는 시설의 전부 또는 일부는 제외한다)
15. 「폐기물관리법」 제2조제1호에 따른 폐기물을 수집ㆍ보관ㆍ처분하는 장소(규모, 용도, 기간 및 학습과 학교보건위생에 대한 영향 등을 고려하여 대통령령으로 정하는 장소는 제외한다)
16. 「총포ㆍ도검ㆍ화약류 등의 안전관리에 관한 법률」 제2조에 따른 총포 또는 화약류의 제조소 및 저장소
17. 「감염병의 예방 및 관리에 관한 법률」 제37조제1항제2호에 따른 격리소ㆍ요양소 또는 진료소
18. 「담배사업법」에 의한 지정소매인, 그 밖에 담배[연초(煙草)나 니코틴을 원료의 전부 또는 일부로 하여 피우거나, 빨거나, 증기로 흡입하거나, 씹거나, 냄새 맡기에 적합한 상태로 제조한 것을 포함한다. 이하 이 호에서 같다]를 판매하는 자가 설치하는 담배자동판매기(「고등교육법」 제2조 각 호에 따른 학교의 교육환경보호구역은 제외한다)
19. 「게임산업진흥에 관한 법률」 제2조제6호, 제7호 또는 제8호에 따른 게임제공업, 인터넷컴퓨터게임시설제공업 및 복합유통게임제공업(「유아교육법」 제2조제2호에 따른 유치원 및 「고등교육법」 제2조 각 호에 따른 학교의 교육환경보호구역은 제외한다)
20. 「게임산업진흥에 관한 법률」 제2조제6호다목에 따라 제공되는 게임물 시설(「고등교육법」 제2조 각 호에 따른 학교의 교육환경보호구역은 제외한다)
21. 「체육시설의 설치ㆍ이용에 관한 법률」 제3조에 따른 체육시설 중 무도학원 및 무도장(「유아교육법」 제2조제2호에 따른 유치원, 「초ㆍ중등교육법」 제2조제1호에 따른 초등학교, 같은 법 제60조의3에 따라 초등학교 과정만을 운영하는 대안학교 및 「고등교육법」 제2조 각 호에 따른 학교의 교육환경보호구역은 제외한다)
22. 「한국마사회법」 제4조에 따른 경마장 및 제6조제2항에 따른 장외발매소, 「경륜ㆍ경정법」 제5조에 따른 경주장 및 제9조제2항에 따른 장외매장
23. 「사행행위 등 규제 및 처벌 특례법」 제2조제1항제2호에 따른 사행행위영업
24. 「음악산업진흥에 관한 법률」 제2조제13호에 따른 노래연습장업(「유아교육법」 제2조제2호에 따른 유치원 및 「고등교육법」 제2조 각 호에 따른 학교의 교육환경보호구역은 제외한다)
25. 「영화 및 비디오물의 진흥에 관한 법률」 제2조제16호가목 및 라목에 해당하는 비디오물감상실업 및 복합영상물제공업의 시설(「유아교육법」 제2조제2호에 따른 유치원 및 「고등교육법」 제2조 각 호에 따른 학교의 교육환경보호구역은 제외한다)
26. 「식품위생법」 제36조제1항제3호에 따른 식품접객업 중 단란주점영업 및 유흥주점영업
27. 「공중위생관리법」 제2조제1항제2호에 따른 숙박업 및 「관광진흥법」 제3조제1항제2호에 따른 관광숙박업(「국제회의산업 육성에 관한 법률」 제2조제3호에 따른 국제회의시설에 부속된 숙박시설과 규모, 용도, 기간 및 학습과 학교보건위생에 대한 영향 등을 고려하여 대통령령으로 정하는 숙박업 또는 관광숙박업은 제외한다)
28. 삭제<2021.9.24>
29. 「화학물질관리법」 제39조에 따른 사고대비물질의 취급시설 중 대통령령으로 정하는 수량 이상으로 취급하는 시설
30. 「통계법」 제22조제1항에 따라 국가데이터처장이 고시하는 한국표준산업분류에 따른 제조업 중 레미콘 제조업(시멘트와 모래, 자갈 등의 광물성 물질 혼합물에 물을 첨가하여 굳지 아니한 상태로 구매자에게 공급하는 콘크리트용 비내화 혼합물을 제조하는 산업활동)
31. 「정신건강증진 및 정신질환자 복지서비스 지원에 관한 법률」 제3조제7호에 따른 정신재활시설 중 중독자재활시설(알코올 중독, 약물 중독 또는 게임 중독 등으로 인한 정신질환자등을 치유하거나 재활을 돕는 시설)
32. 「관광진흥법」 제3조제1항제5호에 따른 카지노업",conditional,,,,,
R010,군사시설보호,all,대공방어협조구역,군사기지 및 군사시설 보호법,제4조,"① 국방부장관은 합동참모의장(이하 ""합참의장""이라 한다)의 건의(관계 행정기관의 장과 미리 협의한 후 관계 행정기관의 장의 의견서를 첨부하여야 한다)에 따라 보호구역등을 지정하거나 이를 변경 또는 해제할 수 있다.
② 국방부장관은 군사기지의 용도 해제, 군사시설의 철거, 작전환경의 변화, 그 밖의 사유로 보호구역등을 유지할 필요가 없게 된 때에는 지체 없이 이를 해제하여야 한다.
③ 제2항에도 불구하고 「주한미군 공여구역주변지역 등 지원 특별법」에 따른 반환공여구역(제5조제1항제1호가목과 같은 항 제2호가목의 보호구역에 위치한 경우와 국방ㆍ군사시설로 활용할 계획이 있는 경우를 제외한다)은 반환이 완료된 때에 보호구역의 지정이 해제된 것으로 본다. 이 경우 국방부장관은 제8조제1항에 따라 지체 없이 그 사실을 고시하여야 한다. <신설 2019.4.23>
④ 국방부장관은 제1항 및 제2항에 따라 보호구역등을 지정ㆍ변경 또는 해제하려는 때에는 제15조제1항에 따른 국방부 군사기지 및 군사시설 보호 심의위원회의 심의를 거쳐야 한다. <개정 2019.4.23>
⑤ 국방부장관은 제1항 및 제2항에 따라 보호구역등을 지정ㆍ변경 또는 해제한 때에는 이를 지체 없이 관계 행정기관의 장에게 통보하여야 한다. <개정 2019.4.23>",conditional,,,,,
R011,수도권정비,all,과밀억제권역,수도권정비계획법,제7조,"① 관계 행정기관의 장은 과밀억제권역에서 다음 각 호의 행위나 그 허가ㆍ인가ㆍ승인 또는 협의 등(이하 ""허가등""이라 한다)을 하여서는 아니 된다.
1. 대통령령으로 정하는 학교, 공공 청사, 연수 시설, 그 밖의 인구집중유발시설의 신설 또는 증설(용도변경을 포함하며, 학교의 증설은 입학 정원의 증원을 말한다. 이하 같다)
2. 공업지역의 지정
② 관계 행정기관의 장은 국민경제의 발전과 공공복리의 증진을 위하여 필요하다고 인정하면 제1항에도 불구하고 다음 각 호의 행위나 그 허가등을 할 수 있다. <개정 2013.3.23>
1. 대통령령으로 정하는 학교 또는 공공 청사의 신설 또는 증설
2. 서울특별시ㆍ광역시ㆍ도(이하 ""시ㆍ도""라 한다)별 기존 공업지역의 총면적을 증가시키지 아니하는 범위에서의 공업지역 지정. 다만, 국토교통부장관이 수도권정비위원회의 심의를 거쳐 지정하거나 허가등을 하는 경우에만 해당한다.",always_ok,,,,,
R012,공항시설,태양광,장애물제한표면구역,공항시설법,제34조,"① 누구든지 제4조제6항에 따른 기본계획의 고시 이후에는 해당 고시에 따른 장애물 제한표면의 높이 이상의 건축물ㆍ구조물ㆍ식물 및 그 밖의 장애물을 설치ㆍ재배하거나 방치해서는 아니 된다. 다만, 다음 각 호에 해당하는 것은 설치ㆍ재배하거나 방치할 수 있다. <개정 2017.12.26, 2023.4.18>
1. 존치장애물
2. 국토교통부령으로 정하는 장애물로서 관계 행정기관의 장이 국토교통부령으로 정하는 바에 따라 국토교통부장관 또는 사업시행자등과 협의하여 설치를 허가하는 장애물
3. 국토교통부장관 또는 사업시행자등이 설치하는 공항시설 또는 비행장시설로서 국토교통부령으로 정하는 바에 따라 항공기의 안전운항에 지장이 없다고 인정되는 시설
4. 공항 또는 비행장의 사용 개시 예정일 전에 제거할 예정인 가설물
5. 국토교통부령으로 정하는 항공학적 검토 기준 및 방법 등에 따른 항공학적 검토 결과에 대하여 제35조에 따른 항공학적 검토위원회의 의결로 국토교통부장관이 항공기의 비행안전을 특히 해치지 아니한다고 결정하는 장애물
② 제4조제6항에 따른 기본계획의 고시 전에 장애물 제한표면의 높이를 넘어선 장애물 중 존치장애물로 고시되지 아니한 장애물은 다음 각 호에서 정하는 기간 동안은 제1항을 위반하지 아니한 것으로 본다. <개정 2023.4.18>
1. 제34조의2제1항에 따라 국토교통부장관 또는 사업시행자등이 해당 장애물의 제한이나 제거를 요구하여 같은 조 제2항에 따른 손실보상이나 같은 조 제4항에 따른 매수가 이루어지기 전까지의 기간
2. 제34조의2제5항에 따라 국토교통부장관이 장애물의 제한이나 제거를 명하여 같은 조 제6항에 따른 손실보상이 이루어지기 전까지의 기간
③ 사업시행자등은 항공기 안전운항에 지장이 없도록 장애물에 대한 정기적인 현황조사 등 국토교통부령으로 정하는 바에 따라 장애물을 관리하여야 한다. <개정 2023.4.18>
④ 제1항제5호에 따른 결정을 받으려는 자는 국토교통부령으로 정하는 전문기관이 작성한 검토 결과보고서 등 국토교통부령으로 정하는 서류를 첨부하여 국토교통부령으로 정하는 바에 따라 국토교통부장관에게 신청하여야 한다. 이 경우 항공학적 검토에 드는 비용은 신청하는 자가 부담한다. <개정 2023.4.18>",conditional,,,,,
R013,건축제한,all,가로구역별 최고높이 제한지역,건축법,제60조,"① 허가권자는 가로구역[(街路區域): 도로로 둘러싸인 일단(一團)의 지역을 말한다. 이하 같다]을 단위로 하여 대통령령으로 정하는 기준과 절차에 따라 건축물의 높이를 지정ㆍ공고할 수 있다. 다만, 특별자치시장ㆍ특별자치도지사 또는 시장ㆍ군수ㆍ구청장은 가로구역의 높이를 완화하여 적용할 필요가 있다고 판단되는 대지에 대하여는 대통령령으로 정하는 바에 따라 건축위원회의 심의를 거쳐 높이를 완화하여 적용할 수 있다. <개정 2014.1.14>
② 특별시장이나 광역시장은 도시의 관리를 위하여 필요하면 제1항에 따른 가로구역별 건축물의 높이를 특별시나 광역시의 조례로 정할 수 있다. <개정 2014.1.14>
③ 삭제 <2015.5.18>
④ 허가권자는 제1항 및 제2항에도 불구하고 일조(日照)ㆍ통풍 등 주변 환경 및 도시미관에 미치는 영향이 크지 않다고 인정하는 경우에는 건축위원회의 심의를 거쳐 이 법 및 다른 법률에 따른 가로구역의 높이 완화에 관한 규정을 중첩하여 적용할 수 있다. <신설 2022.2.3>",conditional,,,,,
R014,정비사업,all,정비구역,도시 및 주거환경정비법,제16조,"① 정비구역의 지정권자는 정비구역을 지정하거나 변경지정하려면 지방도시계획위원회의 심의를 거쳐야 한다. 다만, 제15조제3항에 따른 경미한 사항을 변경하는 경우에는 지방도시계획위원회의 심의를 거치지 아니할 수 있다. <개정 2018.6.12>
② 정비구역의 지정권자는 정비구역을 지정(변경지정을 포함한다. 이하 같다)하거나 정비계획을 결정(변경결정을 포함한다. 이하 같다)한 때에는 정비계획을 포함한 정비구역 지정의 내용을 해당 지방자치단체의 공보에 고시하여야 한다. 이 경우 지형도면 고시 등에 대하여는 「토지이용규제 기본법」 제8조에 따른다. <개정 2018.6.12, 2020.6.9>
③ 정비구역의 지정권자는 제2항에 따라 정비계획을 포함한 정비구역을 지정ㆍ고시한 때에는 국토교통부령으로 정하는 방법 및 절차에 따라 국토교통부장관에게 그 지정의 내용을 보고하여야 하며, 관계 서류를 일반인이 열람할 수 있도록 하여야 한다.",conditional,,,,,
